[{"fields": {"product_id": 1, "product_name": "Android"}, "model": "dashapp.product", "pk": 1}, {"fields": {"product_id": 2, "product_name": "iOS"}, "model": "dashapp.product", "pk": 2}, {"fields": {"product_id": 3, "product_name": "Windows"}, "model": "dashapp.product", "pk": 3}, {"fields": {"test_id": 1, "title": "Test case title for testcase_1"}, "model": "dashapp.testcase", "pk": 1}, {"fields": {"test_id": 2, "title": "Test case title for testcase_2"}, "model": "dashapp.testcase", "pk": 2}, {"fields": {"test_id": 3, "title": "Test case title for testcase_3"}, "model": "dashapp.testcase", "pk": 3}, {"fields": {"test_id": 4, "title": "Test case title for testcase_4"}, "model": "dashapp.testcase", "pk": 4}, {"fields": {"test_id": 5, "title": "Test case title for testcase_5"}, "model": "dashapp.testcase", "pk": 5}, {"fields": {"test_id": 6, "title": "Test case title for testcase_6"}, "model": "dashapp.testcase", "pk": 6}, {"fields": {"test_id": 7, "title": "Test case title for testcase_7"}, "model": "dashapp.testcase", "pk": 7}, {"fields": {"test_id": 8, "title": "Test case title for testcase_8"}, "model": "dashapp.testcase", "pk": 8}, {"fields": {"test_id": 9, "title": "Test case title for testcase_9"}, "model": "dashapp.testcase", "pk": 9}, {"fields": {"test_id": 10, "title": "Test case title for testcase_10"}, "model": "dashapp.testcase", "pk": 10}, {"fields": {"test_id": 11, "title": "Test case title for testcase_11"}, "model": "dashapp.testcase", "pk": 11}, {"fields": {"test_id": 12, "title": "Test case title for testcase_12"}, "model": "dashapp.testcase", "pk": 12}, {"fields": {"test_id": 13, "title": "Test case title for testcase_13"}, "model": "dashapp.testcase", "pk": 13}, {"fields": {"test_id": 14, "title": "Test case title for testcase_14"}, "model": "dashapp.testcase", "pk": 14}, {"fields": {"test_id": 15, "title": "Test case title for testcase_15"}, "model": "dashapp.testcase", "pk": 15}, {"fields": {"test_id": 16, "title": "Test case title for testcase_16"}, "model": "dashapp.testcase", "pk": 16}, {"fields": {"test_id": 17, "title": "Test case title for testcase_17"}, "model": "dashapp.testcase", "pk": 17}, {"fields": {"test_id": 18, "title": "Test case title for testcase_18"}, "model": "dashapp.testcase", "pk": 18}, {"fields": {"test_id": 19, "title": "Test case title for testcase_19"}, "model": "dashapp.testcase", "pk": 19}, {"fields": {"test_id": 20, "title": "Test case title for testcase_20"}, "model": "dashapp.testcase", "pk": 20}, {"fields": {"test_id": 21, "title": "Test case title for testcase_21"}, "model": "dashapp.testcase", "pk": 21}, {"fields": {"test_id": 22, "title": "Test case title for testcase_22"}, "model": "dashapp.testcase", "pk": 22}, {"fields": {"test_id": 23, "title": "Test case title for testcase_23"}, "model": "dashapp.testcase", "pk": 23}, {"fields": {"test_id": 24, "title": "Test case title for testcase_24"}, "model": "dashapp.testcase", "pk": 24}, {"fields": {"test_id": 25, "title": "Test case title for testcase_25"}, "model": "dashapp.testcase", "pk": 25}, {"fields": {"test_id": 26, "title": "Test case title for testcase_26"}, "model": "dashapp.testcase", "pk": 26}, {"fields": {"test_id": 27, "title": "Test case title for testcase_27"}, "model": "dashapp.testcase", "pk": 27}, {"fields": {"test_id": 28, "title": "Test case title for testcase_28"}, "model": "dashapp.testcase", "pk": 28}, {"fields": {"test_id": 29, "title": "Test case title for testcase_29"}, "model": "dashapp.testcase", "pk": 29}, {"fields": {"test_id": 30, "title": "Test case title for testcase_30"}, "model": "dashapp.testcase", "pk": 30}, {"fields": {"test_id": 31, "title": "Test case title for testcase_31"}, "model": "dashapp.testcase", "pk": 31}, {"fields": {"test_id": 32, "title": "Test case title for testcase_32"}, "model": "dashapp.testcase", "pk": 32}, {"fields": {"test_id": 33, "title": "Test case title for testcase_33"}, "model": "dashapp.testcase", "pk": 33}, {"fields": {"test_id": 34, "title": "Test case title for testcase_34"}, "model": "dashapp.testcase", "pk": 34}, {"fields": {"test_id": 35, "title": "Test case title for testcase_35"}, "model": "dashapp.testcase", "pk": 35}, {"fields": {"test_id": 36, "title": "Test case title for testcase_36"}, "model": "dashapp.testcase", "pk": 36}, {"fields": {"test_id": 37, "title": "Test case title for testcase_37"}, "model": "dashapp.testcase", "pk": 37}, {"fields": {"test_id": 38, "title": "Test case title for testcase_38"}, "model": "dashapp.testcase", "pk": 38}, {"fields": {"test_id": 39, "title": "Test case title for testcase_39"}, "model": "dashapp.testcase", "pk": 39}, {"fields": {"test_id": 40, "title": "Test case title for testcase_40"}, "model": "dashapp.testcase", "pk": 40}, {"fields": {"test_id": 41, "title": "Test case title for testcase_41"}, "model": "dashapp.testcase", "pk": 41}, {"fields": {"test_id": 42, "title": "Test case title for testcase_42"}, "model": "dashapp.testcase", "pk": 42}, {"fields": {"test_id": 43, "title": "Test case title for testcase_43"}, "model": "dashapp.testcase", "pk": 43}, {"fields": {"test_id": 44, "title": "Test case title for testcase_44"}, "model": "dashapp.testcase", "pk": 44}, {"fields": {"test_id": 45, "title": "Test case title for testcase_45"}, "model": "dashapp.testcase", "pk": 45}, {"fields": {"test_id": 46, "title": "Test case title for testcase_46"}, "model": "dashapp.testcase", "pk": 46}, {"fields": {"test_id": 47, "title": "Test case title for testcase_47"}, "model": "dashapp.testcase", "pk": 47}, {"fields": {"test_id": 48, "title": "Test case title for testcase_48"}, "model": "dashapp.testcase", "pk": 48}, {"fields": {"test_id": 49, "title": "Test case title for testcase_49"}, "model": "dashapp.testcase", "pk": 49}, {"fields": {"test_id": 50, "title": "Test case title for testcase_50"}, "model": "dashapp.testcase", "pk": 50}, {"fields": {"test_id": 51, "title": "Test case title for testcase_51"}, "model": "dashapp.testcase", "pk": 51}, {"fields": {"test_id": 52, "title": "Test case title for testcase_52"}, "model": "dashapp.testcase", "pk": 52}, {"fields": {"test_id": 53, "title": "Test case title for testcase_53"}, "model": "dashapp.testcase", "pk": 53}, {"fields": {"test_id": 54, "title": "Test case title for testcase_54"}, "model": "dashapp.testcase", "pk": 54}, {"fields": {"test_id": 55, "title": "Test case title for testcase_55"}, "model": "dashapp.testcase", "pk": 55}, {"fields": {"test_id": 56, "title": "Test case title for testcase_56"}, "model": "dashapp.testcase", "pk": 56}, {"fields": {"test_id": 57, "title": "Test case title for testcase_57"}, "model": "dashapp.testcase", "pk": 57}, {"fields": {"test_id": 58, "title": "Test case title for testcase_58"}, "model": "dashapp.testcase", "pk": 58}, {"fields": {"test_id": 59, "title": "Test case title for testcase_59"}, "model": "dashapp.testcase", "pk": 59}, {"fields": {"test_id": 60, "title": "Test case title for testcase_60"}, "model": "dashapp.testcase", "pk": 60}, {"fields": {"test_id": 61, "title": "Test case title for testcase_61"}, "model": "dashapp.testcase", "pk": 61}, {"fields": {"test_id": 62, "title": "Test case title for testcase_62"}, "model": "dashapp.testcase", "pk": 62}, {"fields": {"test_id": 63, "title": "Test case title for testcase_63"}, "model": "dashapp.testcase", "pk": 63}, {"fields": {"test_id": 64, "title": "Test case title for testcase_64"}, "model": "dashapp.testcase", "pk": 64}, {"fields": {"test_id": 65, "title": "Test case title for testcase_65"}, "model": "dashapp.testcase", "pk": 65}, {"fields": {"test_id": 66, "title": "Test case title for testcase_66"}, "model": "dashapp.testcase", "pk": 66}, {"fields": {"test_id": 67, "title": "Test case title for testcase_67"}, "model": "dashapp.testcase", "pk": 67}, {"fields": {"test_id": 68, "title": "Test case title for testcase_68"}, "model": "dashapp.testcase", "pk": 68}, {"fields": {"test_id": 69, "title": "Test case title for testcase_69"}, "model": "dashapp.testcase", "pk": 69}, {"fields": {"test_id": 70, "title": "Test case title for testcase_70"}, "model": "dashapp.testcase", "pk": 70}, {"fields": {"test_id": 71, "title": "Test case title for testcase_71"}, "model": "dashapp.testcase", "pk": 71}, {"fields": {"test_id": 72, "title": "Test case title for testcase_72"}, "model": "dashapp.testcase", "pk": 72}, {"fields": {"test_id": 73, "title": "Test case title for testcase_73"}, "model": "dashapp.testcase", "pk": 73}, {"fields": {"test_id": 74, "title": "Test case title for testcase_74"}, "model": "dashapp.testcase", "pk": 74}, {"fields": {"test_id": 75, "title": "Test case title for testcase_75"}, "model": "dashapp.testcase", "pk": 75}, {"fields": {"test_id": 76, "title": "Test case title for testcase_76"}, "model": "dashapp.testcase", "pk": 76}, {"fields": {"test_id": 77, "title": "Test case title for testcase_77"}, "model": "dashapp.testcase", "pk": 77}, {"fields": {"test_id": 78, "title": "Test case title for testcase_78"}, "model": "dashapp.testcase", "pk": 78}, {"fields": {"test_id": 79, "title": "Test case title for testcase_79"}, "model": "dashapp.testcase", "pk": 79}, {"fields": {"test_id": 80, "title": "Test case title for testcase_80"}, "model": "dashapp.testcase", "pk": 80}, {"fields": {"test_id": 81, "title": "Test case title for testcase_81"}, "model": "dashapp.testcase", "pk": 81}, {"fields": {"test_id": 82, "title": "Test case title for testcase_82"}, "model": "dashapp.testcase", "pk": 82}, {"fields": {"test_id": 83, "title": "Test case title for testcase_83"}, "model": "dashapp.testcase", "pk": 83}, {"fields": {"test_id": 84, "title": "Test case title for testcase_84"}, "model": "dashapp.testcase", "pk": 84}, {"fields": {"test_id": 85, "title": "Test case title for testcase_85"}, "model": "dashapp.testcase", "pk": 85}, {"fields": {"test_id": 86, "title": "Test case title for testcase_86"}, "model": "dashapp.testcase", "pk": 86}, {"fields": {"test_id": 87, "title": "Test case title for testcase_87"}, "model": "dashapp.testcase", "pk": 87}, {"fields": {"test_id": 88, "title": "Test case title for testcase_88"}, "model": "dashapp.testcase", "pk": 88}, {"fields": {"test_id": 89, "title": "Test case title for testcase_89"}, "model": "dashapp.testcase", "pk": 89}, {"fields": {"test_id": 90, "title": "Test case title for testcase_90"}, "model": "dashapp.testcase", "pk": 90}, {"fields": {"test_id": 91, "title": "Test case title for testcase_91"}, "model": "dashapp.testcase", "pk": 91}, {"fields": {"test_id": 92, "title": "Test case title for testcase_92"}, "model": "dashapp.testcase", "pk": 92}, {"fields": {"test_id": 93, "title": "Test case title for testcase_93"}, "model": "dashapp.testcase", "pk": 93}, {"fields": {"test_id": 94, "title": "Test case title for testcase_94"}, "model": "dashapp.testcase", "pk": 94}, {"fields": {"test_id": 95, "title": "Test case title for testcase_95"}, "model": "dashapp.testcase", "pk": 95}, {"fields": {"test_id": 96, "title": "Test case title for testcase_96"}, "model": "dashapp.testcase", "pk": 96}, {"fields": {"test_id": 97, "title": "Test case title for testcase_97"}, "model": "dashapp.testcase", "pk": 97}, {"fields": {"test_id": 98, "title": "Test case title for testcase_98"}, "model": "dashapp.testcase", "pk": 98}, {"fields": {"test_id": 99, "title": "Test case title for testcase_99"}, "model": "dashapp.testcase", "pk": 99}, {"fields": {"test_id": 100, "title": "Test case title for testcase_100"}, "model": "dashapp.testcase", "pk": 100}, {"fields": {"release_id": 1, "release_name": "Android_1", "product_id": 1}, "model": "dashapp.release", "pk": 1}, {"fields": {"release_id": 2, "release_name": "Android_2", "product_id": 1}, "model": "dashapp.release", "pk": 2}, {"fields": {"release_id": 3, "release_name": "Android_3", "product_id": 1}, "model": "dashapp.release", "pk": 3}, {"fields": {"release_id": 4, "release_name": "Android_4", "product_id": 1}, "model": "dashapp.release", "pk": 4}, {"fields": {"release_id": 5, "release_name": "Android_5", "product_id": 1}, "model": "dashapp.release", "pk": 5}, {"fields": {"release_id": 6, "release_name": "iOS_1", "product_id": 2}, "model": "dashapp.release", "pk": 6}, {"fields": {"release_id": 7, "release_name": "iOS_2", "product_id": 2}, "model": "dashapp.release", "pk": 7}, {"fields": {"release_id": 8, "release_name": "iOS_3", "product_id": 2}, "model": "dashapp.release", "pk": 8}, {"fields": {"release_id": 9, "release_name": "iOS_4", "product_id": 2}, "model": "dashapp.release", "pk": 9}, {"fields": {"release_id": 10, "release_name": "iOS_5", "product_id": 2}, "model": "dashapp.release", "pk": 10}, {"fields": {"release_id": 11, "release_name": "Windows_1", "product_id": 3}, "model": "dashapp.release", "pk": 11}, {"fields": {"release_id": 12, "release_name": "Windows_2", "product_id": 3}, "model": "dashapp.release", "pk": 12}, {"fields": {"release_id": 13, "release_name": "Windows_3", "product_id": 3}, "model": "dashapp.release", "pk": 13}, {"fields": {"release_id": 14, "release_name": "Windows_4", "product_id": 3}, "model": "dashapp.release", "pk": 14}, {"fields": {"release_id": 15, "release_name": "Windows_5", "product_id": 3}, "model": "dashapp.release", "pk": 15}, {"fields": {"release_id": 1, "test_id": 1, "test_result": "NOT_TESTED"}, "model": "dashapp.testrun", "pk": 1}, {"fields": {"release_id": 1, "test_id": 2, "test_result": "NOT_TESTED"}, "model": "dashapp.testrun", "pk": 2}, {"fields": {"release_id": 1, "test_id": 3, "test_result": "PASS"}, "model": "dashapp.testrun", "pk": 3}, {"fields": {"release_id": 1, "test_id": 4, "test_result": "PASS"}, "model": "dashapp.testrun", "pk": 4}, {"fields": {"release_id": 1, "test_id": 5, "test_result": "PASS"}, "model": "dashapp.testrun", "pk": 5}, {"fields": {"release_id": 1, "test_id": 6, "test_result": "PASS"}, "model": "dashapp.testrun", "pk": 6}, {"fields": {"release_id": 1, "test_id": 7, "test_result": "FAIL"}, "model": "dashapp.testrun", "pk": 7}, {"fields": {"release_id": 1, "test_id": 8, "test_result": "NOT_TESTED"}, "model": "dashapp.testrun", "pk": 8}, {"fields": {"release_id": 1, "test_id": 9, "test_result": "PASS"}, "model": "dashapp.testrun", "pk": 9}, {"fields": {"release_id": 1, "test_id": 10, "test_result": "PASS"}, "model": "dashapp.testrun", "pk": 10}, {"fields": {"release_id": 2, "test_id": 1, "test_result": "FAIL"}, "model": "dashapp.testrun", "pk": 11}, {"fields": {"release_id": 2, "test_id": 2, "test_result": "FAIL"}, "model": "dashapp.testrun", "pk": 12}, {"fields": {"release_id": 2, "test_id": 3, "test_result": "NOT_TESTED"}, "model": "dashapp.testrun", "pk": 13}, {"fields": {"release_id": 2, "test_id": 4, "test_result": "PASS"}, "model": "dashapp.testrun", "pk": 14}, {"fields": {"release_id": 2, "test_id": 5, "test_result": "NOT_TESTED"}, "model": "dashapp.testrun", "pk": 15}, {"fields": {"release_id": 2, "test_id": 6, "test_result": "PASS"}, "model": "dashapp.testrun", "pk": 16}, {"fields": {"release_id": 2, "test_id": 7, "test_result": "NOT_TESTED"}, "model": "dashapp.testrun", "pk": 17}, {"fields": {"release_id": 2, "test_id": 8, "test_result": "PASS"}, "model": "dashapp.testrun", "pk": 18}, {"fields": {"release_id": 2, "test_id": 9, "test_result": "NOT_TESTED"}, "model": "dashapp.testrun", "pk": 19}, {"fields": {"release_id": 2, "test_id": 10, "test_result": "NOT_TESTED"}, "model": "dashapp.testrun", "pk": 20}, {"fields": {"release_id": 3, "test_id": 1, "test_result": "NOT_TESTED"}, "model": "dashapp.testrun", "pk": 21}, {"fields": {"release_id": 3, "test_id": 2, "test_result": "PASS"}, "model": "dashapp.testrun", "pk": 22}, {"fields": {"release_id": 3, "test_id": 3, "test_result": "PASS"}, "model": "dashapp.testrun", "pk": 23}, {"fields": {"release_id": 3, "test_id": 4, "test_result": "PASS"}, "model": "dashapp.testrun", "pk": 24}, {"fields": {"release_id": 3, "test_id": 5, "test_result": "NOT_TESTED"}, "model": "dashapp.testrun", "pk": 25}, {"fields": {"release_id": 3, "test_id": 6, "test_result": "FAIL"}, "model": "dashapp.testrun", "pk": 26}, {"fields": {"release_id": 3, "test_id": 7, "test_result": "NOT_TESTED"}, "model": "dashapp.testrun", "pk": 27}, {"fields": {"release_id": 3, "test_id": 8, "test_result": "NOT_TESTED"}, "model": "dashapp.testrun", "pk": 28}, {"fields": {"release_id": 3, "test_id": 9, "test_result": "FAIL"}, "model": "dashapp.testrun", "pk": 29}, {"fields": {"release_id": 3, "test_id": 10, "test_result": "FAIL"}, "model": "dashapp.testrun", "pk": 30}, {"fields": {"release_id": 4, "test_id": 1, "test_result": "FAIL"}, "model": "dashapp.testrun", "pk": 31}, {"fields": {"release_id": 4, "test_id": 2, "test_result": "PASS"}, "model": "dashapp.testrun", "pk": 32}, {"fields": {"release_id": 4, "test_id": 3, "test_result": "PASS"}, "model": "dashapp.testrun", "pk": 33}, {"fields": {"release_id": 4, "test_id": 4, "test_result": "PASS"}, "model": "dashapp.testrun", "pk": 34}, {"fields": {"release_id": 4, "test_id": 5, "test_result": "FAIL"}, "model": "dashapp.testrun", "pk": 35}, {"fields": {"release_id": 4, "test_id": 6, "test_result": "FAIL"}, "model": "dashapp.testrun", "pk": 36}, {"fields": {"release_id": 4, "test_id": 7, "test_result": "PASS"}, "model": "dashapp.testrun", "pk": 37}, {"fields": {"release_id": 4, "test_id": 8, "test_result": "NOT_TESTED"}, "model": "dashapp.testrun", "pk": 38}, {"fields": {"release_id": 4, "test_id": 9, "test_result": "PASS"}, "model": "dashapp.testrun", "pk": 39}, {"fields": {"release_id": 4, "test_id": 10, "test_result": "PASS"}, "model": "dashapp.testrun", "pk": 40}, {"fields": {"release_id": 5, "test_id": 1, "test_result": "NOT_TESTED"}, "model": "dashapp.testrun", "pk": 41}, {"fields": {"release_id": 5, "test_id": 2, "test_result": "NOT_TESTED"}, "model": "dashapp.testrun", "pk": 42}, {"fields": {"release_id": 5, "test_id": 3, "test_result": "PASS"}, "model": "dashapp.testrun", "pk": 43}, {"fields": {"release_id": 5, "test_id": 4, "test_result": "FAIL"}, "model": "dashapp.testrun", "pk": 44}, {"fields": {"release_id": 5, "test_id": 5, "test_result": "FAIL"}, "model": "dashapp.testrun", "pk": 45}, {"fields": {"release_id": 5, "test_id": 6, "test_result": "PASS"}, "model": "dashapp.testrun", "pk": 46}, {"fields": {"release_id": 5, "test_id": 7, "test_result": "PASS"}, "model": "dashapp.testrun", "pk": 47}, {"fields": {"release_id": 5, "test_id": 8, "test_result": "NOT_TESTED"}, "model": "dashapp.testrun", "pk": 48}, {"fields": {"release_id": 5, "test_id": 9, "test_result": "FAIL"}, "model": "dashapp.testrun", "pk": 49}, {"fields": {"release_id": 5, "test_id": 10, "test_result": "NOT_TESTED"}, "model": "dashapp.testrun", "pk": 50}, {"fields": {"release_id": 6, "test_id": 1, "test_result": "PASS"}, "model": "dashapp.testrun", "pk": 51}, {"fields": {"release_id": 6, "test_id": 2, "test_result": "NOT_TESTED"}, "model": "dashapp.testrun", "pk": 52}, {"fields": {"release_id": 6, "test_id": 3, "test_result": "NOT_TESTED"}, "model": "dashapp.testrun", "pk": 53}, {"fields": {"release_id": 6, "test_id": 4, "test_result": "NOT_TESTED"}, "model": "dashapp.testrun", "pk": 54}, {"fields": {"release_id": 6, "test_id": 5, "test_result": "FAIL"}, "model": "dashapp.testrun", "pk": 55}, {"fields": {"release_id": 6, "test_id": 6, "test_result": "PASS"}, "model": "dashapp.testrun", "pk": 56}, {"fields": {"release_id": 6, "test_id": 7, "test_result": "PASS"}, "model": "dashapp.testrun", "pk": 57}, {"fields": {"release_id": 6, "test_id": 8, "test_result": "NOT_TESTED"}, "model": "dashapp.testrun", "pk": 58}, {"fields": {"release_id": 6, "test_id": 9, "test_result": "NOT_TESTED"}, "model": "dashapp.testrun", "pk": 59}, {"fields": {"release_id": 6, "test_id": 10, "test_result": "PASS"}, "model": "dashapp.testrun", "pk": 60}, {"fields": {"release_id": 7, "test_id": 1, "test_result": "NOT_TESTED"}, "model": "dashapp.testrun", "pk": 61}, {"fields": {"release_id": 7, "test_id": 2, "test_result": "FAIL"}, "model": "dashapp.testrun", "pk": 62}, {"fields": {"release_id": 7, "test_id": 3, "test_result": "NOT_TESTED"}, "model": "dashapp.testrun", "pk": 63}, {"fields": {"release_id": 7, "test_id": 4, "test_result": "FAIL"}, "model": "dashapp.testrun", "pk": 64}, {"fields": {"release_id": 7, "test_id": 5, "test_result": "FAIL"}, "model": "dashapp.testrun", "pk": 65}, {"fields": {"release_id": 7, "test_id": 6, "test_result": "NOT_TESTED"}, "model": "dashapp.testrun", "pk": 66}, {"fields": {"release_id": 7, "test_id": 7, "test_result": "NOT_TESTED"}, "model": "dashapp.testrun", "pk": 67}, {"fields": {"release_id": 7, "test_id": 8, "test_result": "FAIL"}, "model": "dashapp.testrun", "pk": 68}, {"fields": {"release_id": 7, "test_id": 9, "test_result": "NOT_TESTED"}, "model": "dashapp.testrun", "pk": 69}, {"fields": {"release_id": 7, "test_id": 10, "test_result": "NOT_TESTED"}, "model": "dashapp.testrun", "pk": 70}, {"fields": {"release_id": 8, "test_id": 1, "test_result": "PASS"}, "model": "dashapp.testrun", "pk": 71}, {"fields": {"release_id": 8, "test_id": 2, "test_result": "FAIL"}, "model": "dashapp.testrun", "pk": 72}, {"fields": {"release_id": 8, "test_id": 3, "test_result": "FAIL"}, "model": "dashapp.testrun", "pk": 73}, {"fields": {"release_id": 8, "test_id": 4, "test_result": "PASS"}, "model": "dashapp.testrun", "pk": 74}, {"fields": {"release_id": 8, "test_id": 5, "test_result": "FAIL"}, "model": "dashapp.testrun", "pk": 75}, {"fields": {"release_id": 8, "test_id": 6, "test_result": "FAIL"}, "model": "dashapp.testrun", "pk": 76}, {"fields": {"release_id": 8, "test_id": 7, "test_result": "NOT_TESTED"}, "model": "dashapp.testrun", "pk": 77}, {"fields": {"release_id": 8, "test_id": 8, "test_result": "PASS"}, "model": "dashapp.testrun", "pk": 78}, {"fields": {"release_id": 8, "test_id": 9, "test_result": "FAIL"}, "model": "dashapp.testrun", "pk": 79}, {"fields": {"release_id": 8, "test_id": 10, "test_result": "PASS"}, "model": "dashapp.testrun", "pk": 80}, {"fields": {"release_id": 9, "test_id": 1, "test_result": "NOT_TESTED"}, "model": "dashapp.testrun", "pk": 81}, {"fields": {"release_id": 9, "test_id": 2, "test_result": "FAIL"}, "model": "dashapp.testrun", "pk": 82}, {"fields": {"release_id": 9, "test_id": 3, "test_result": "NOT_TESTED"}, "model": "dashapp.testrun", "pk": 83}, {"fields": {"release_id": 9, "test_id": 4, "test_result": "PASS"}, "model": "dashapp.testrun", "pk": 84}, {"fields": {"release_id": 9, "test_id": 5, "test_result": "PASS"}, "model": "dashapp.testrun", "pk": 85}, {"fields": {"release_id": 9, "test_id": 6, "test_result": "FAIL"}, "model": "dashapp.testrun", "pk": 86}, {"fields": {"release_id": 9, "test_id": 7, "test_result": "FAIL"}, "model": "dashapp.testrun", "pk": 87}, {"fields": {"release_id": 9, "test_id": 8, "test_result": "NOT_TESTED"}, "model": "dashapp.testrun", "pk": 88}, {"fields": {"release_id": 9, "test_id": 9, "test_result": "NOT_TESTED"}, "model": "dashapp.testrun", "pk": 89}, {"fields": {"release_id": 9, "test_id": 10, "test_result": "FAIL"}, "model": "dashapp.testrun", "pk": 90}, {"fields": {"release_id": 10, "test_id": 1, "test_result": "PASS"}, "model": "dashapp.testrun", "pk": 91}, {"fields": {"release_id": 10, "test_id": 2, "test_result": "PASS"}, "model": "dashapp.testrun", "pk": 92}, {"fields": {"release_id": 10, "test_id": 3, "test_result": "PASS"}, "model": "dashapp.testrun", "pk": 93}, {"fields": {"release_id": 10, "test_id": 4, "test_result": "PASS"}, "model": "dashapp.testrun", "pk": 94}, {"fields": {"release_id": 10, "test_id": 5, "test_result": "PASS"}, "model": "dashapp.testrun", "pk": 95}, {"fields": {"release_id": 10, "test_id": 6, "test_result": "FAIL"}, "model": "dashapp.testrun", "pk": 96}, {"fields": {"release_id": 10, "test_id": 7, "test_result": "PASS"}, "model": "dashapp.testrun", "pk": 97}, {"fields": {"release_id": 10, "test_id": 8, "test_result": "NOT_TESTED"}, "model": "dashapp.testrun", "pk": 98}, {"fields": {"release_id": 10, "test_id": 9, "test_result": "PASS"}, "model": "dashapp.testrun", "pk": 99}, {"fields": {"release_id": 10, "test_id": 10, "test_result": "FAIL"}, "model": "dashapp.testrun", "pk": 100}, {"fields": {"release_id": 11, "test_id": 1, "test_result": "FAIL"}, "model": "dashapp.testrun", "pk": 101}, {"fields": {"release_id": 11, "test_id": 2, "test_result": "NOT_TESTED"}, "model": "dashapp.testrun", "pk": 102}, {"fields": {"release_id": 11, "test_id": 3, "test_result": "NOT_TESTED"}, "model": "dashapp.testrun", "pk": 103}, {"fields": {"release_id": 11, "test_id": 4, "test_result": "NOT_TESTED"}, "model": "dashapp.testrun", "pk": 104}, {"fields": {"release_id": 11, "test_id": 5, "test_result": "FAIL"}, "model": "dashapp.testrun", "pk": 105}, {"fields": {"release_id": 11, "test_id": 6, "test_result": "NOT_TESTED"}, "model": "dashapp.testrun", "pk": 106}, {"fields": {"release_id": 11, "test_id": 7, "test_result": "PASS"}, "model": "dashapp.testrun", "pk": 107}, {"fields": {"release_id": 11, "test_id": 8, "test_result": "PASS"}, "model": "dashapp.testrun", "pk": 108}, {"fields": {"release_id": 11, "test_id": 9, "test_result": "PASS"}, "model": "dashapp.testrun", "pk": 109}, {"fields": {"release_id": 11, "test_id": 10, "test_result": "PASS"}, "model": "dashapp.testrun", "pk": 110}, {"fields": {"release_id": 12, "test_id": 1, "test_result": "NOT_TESTED"}, "model": "dashapp.testrun", "pk": 111}, {"fields": {"release_id": 12, "test_id": 2, "test_result": "FAIL"}, "model": "dashapp.testrun", "pk": 112}, {"fields": {"release_id": 12, "test_id": 3, "test_result": "NOT_TESTED"}, "model": "dashapp.testrun", "pk": 113}, {"fields": {"release_id": 12, "test_id": 4, "test_result": "PASS"}, "model": "dashapp.testrun", "pk": 114}, {"fields": {"release_id": 12, "test_id": 5, "test_result": "FAIL"}, "model": "dashapp.testrun", "pk": 115}, {"fields": {"release_id": 12, "test_id": 6, "test_result": "FAIL"}, "model": "dashapp.testrun", "pk": 116}, {"fields": {"release_id": 12, "test_id": 7, "test_result": "PASS"}, "model": "dashapp.testrun", "pk": 117}, {"fields": {"release_id": 12, "test_id": 8, "test_result": "NOT_TESTED"}, "model": "dashapp.testrun", "pk": 118}, {"fields": {"release_id": 12, "test_id": 9, "test_result": "PASS"}, "model": "dashapp.testrun", "pk": 119}, {"fields": {"release_id": 12, "test_id": 10, "test_result": "NOT_TESTED"}, "model": "dashapp.testrun", "pk": 120}, {"fields": {"release_id": 13, "test_id": 1, "test_result": "FAIL"}, "model": "dashapp.testrun", "pk": 121}, {"fields": {"release_id": 13, "test_id": 2, "test_result": "FAIL"}, "model": "dashapp.testrun", "pk": 122}, {"fields": {"release_id": 13, "test_id": 3, "test_result": "PASS"}, "model": "dashapp.testrun", "pk": 123}, {"fields": {"release_id": 13, "test_id": 4, "test_result": "FAIL"}, "model": "dashapp.testrun", "pk": 124}, {"fields": {"release_id": 13, "test_id": 5, "test_result": "PASS"}, "model": "dashapp.testrun", "pk": 125}, {"fields": {"release_id": 13, "test_id": 6, "test_result": "PASS"}, "model": "dashapp.testrun", "pk": 126}, {"fields": {"release_id": 13, "test_id": 7, "test_result": "NOT_TESTED"}, "model": "dashapp.testrun", "pk": 127}, {"fields": {"release_id": 13, "test_id": 8, "test_result": "NOT_TESTED"}, "model": "dashapp.testrun", "pk": 128}, {"fields": {"release_id": 13, "test_id": 9, "test_result": "PASS"}, "model": "dashapp.testrun", "pk": 129}, {"fields": {"release_id": 13, "test_id": 10, "test_result": "FAIL"}, "model": "dashapp.testrun", "pk": 130}, {"fields": {"release_id": 14, "test_id": 1, "test_result": "NOT_TESTED"}, "model": "dashapp.testrun", "pk": 131}, {"fields": {"release_id": 14, "test_id": 2, "test_result": "FAIL"}, "model": "dashapp.testrun", "pk": 132}, {"fields": {"release_id": 14, "test_id": 3, "test_result": "FAIL"}, "model": "dashapp.testrun", "pk": 133}, {"fields": {"release_id": 14, "test_id": 4, "test_result": "NOT_TESTED"}, "model": "dashapp.testrun", "pk": 134}, {"fields": {"release_id": 14, "test_id": 5, "test_result": "NOT_TESTED"}, "model": "dashapp.testrun", "pk": 135}, {"fields": {"release_id": 14, "test_id": 6, "test_result": "PASS"}, "model": "dashapp.testrun", "pk": 136}, {"fields": {"release_id": 14, "test_id": 7, "test_result": "FAIL"}, "model": "dashapp.testrun", "pk": 137}, {"fields": {"release_id": 14, "test_id": 8, "test_result": "FAIL"}, "model": "dashapp.testrun", "pk": 138}, {"fields": {"release_id": 14, "test_id": 9, "test_result": "NOT_TESTED"}, "model": "dashapp.testrun", "pk": 139}, {"fields": {"release_id": 14, "test_id": 10, "test_result": "NOT_TESTED"}, "model": "dashapp.testrun", "pk": 140}]